id,tag,name,description
1,accountspayable,Accounts Payable,"Accounts payable (AP) is an accounting entry that represents an entity's obligation to pay off a short-term debt to its creditors. On many balance sheets, the accounts payable entry appears under the heading current liabilities. Another common usage of AP refers to a business department or division that is responsible for making payments owed by the company to suppliers and other creditors."
2,accountsreceivable,Accounts Receivable,"Accounts payable (AP) is an accounting entry that represents an entity's obligation to pay off a short-term debt to its creditors. On many balance sheets, the accounts payable entry appears under the heading current liabilities. Another common usage of AP refers to a business department or division that is responsible for making payments owed by the company to suppliers and other creditors."
3,accruedexpenses,Accrued Expenses,"Accounts payable (AP) is an accounting entry that represents an entity's obligation to pay off a short-term debt to its creditors. On many balance sheets, the accounts payable entry appears under the heading current liabilities. Another common usage of AP refers to a business department or division that is responsible for making payments owed by the company to suppliers and other creditors."
4,accruedinterestpayable,Accrued Interest Payable,"Accounts payable (AP) is an accounting entry that represents an entity's obligation to pay off a short-term debt to its creditors. On many balance sheets, the accounts payable entry appears under the heading current liabilities. Another common usage of AP refers to a business department or division that is responsible for making payments owed by the company to suppliers and other creditors."
5,accruedinvestmentincome,Accrued Investment Income,"Accounts payable (AP) is an accounting entry that represents an entity's obligation to pay off a short-term debt to its creditors. On many balance sheets, the accounts payable entry appears under the heading current liabilities. Another common usage of AP refers to a business department or division that is responsible for making payments owed by the company to suppliers and other creditors."
6,accumulateddepreciation,Accumulated Depreciation,"Accounts payable (AP) is an accounting entry that represents an entity's obligation to pay off a short-term debt to its creditors. On many balance sheets, the accounts payable entry appears under the heading current liabilities. Another common usage of AP refers to a business department or division that is responsible for making payments owed by the company to suppliers and other creditors."
7,acquisitions,Acquisitions,"Accounts payable (AP) is an accounting entry that represents an entity's obligation to pay off a short-term debt to its creditors. On many balance sheets, the accounts payable entry appears under the heading current liabilities. Another common usage of AP refers to a business department or division that is responsible for making payments owed by the company to suppliers and other creditors."
8,allowanceforloanandleaselosses,Allowance for Loan and Lease Losses,"Accounts payable (AP) is an accounting entry that represents an entity's obligation to pay off a short-term debt to its creditors. On many balance sheets, the accounts payable entry appears under the heading current liabilities. Another common usage of AP refers to a business department or division that is responsible for making payments owed by the company to suppliers and other creditors."
9,amortizationexpense,Amortization Expense,"Accounts payable (AP) is an accounting entry that represents an entity's obligation to pay off a short-term debt to its creditors. On many balance sheets, the accounts payable entry appears under the heading current liabilities. Another common usage of AP refers to a business department or division that is responsible for making payments owed by the company to suppliers and other creditors."
10,amortizationofdeferredpolicyacquisitioncosts,Amortization of Deferred Policy Acquisition Costs,"Accounts payable (AP) is an accounting entry that represents an entity's obligation to pay off a short-term debt to its creditors. On many balance sheets, the accounts payable entry appears under the heading current liabilities. Another common usage of AP refers to a business department or division that is responsible for making payments owed by the company to suppliers and other creditors."
11,aoci,Accumulated Other Comprehensive Income / (Loss),"Accounts payable (AP) is an accounting entry that represents an entity's obligation to pay off a short-term debt to its creditors. On many balance sheets, the accounts payable entry appears under the heading current liabilities. Another common usage of AP refers to a business department or division that is responsible for making payments owed by the company to suppliers and other creditors."
12,assetretirementandlitigationobligation,Asset Retirement Reserve & Litigation Obligation,"Accounts payable (AP) is an accounting entry that represents an entity's obligation to pay off a short-term debt to its creditors. On many balance sheets, the accounts payable entry appears under the heading current liabilities. Another common usage of AP refers to a business department or division that is responsible for making payments owed by the company to suppliers and other creditors."
13,bankersacceptances,Bankers Acceptance Outstanding,"Accounts payable (AP) is an accounting entry that represents an entity's obligation to pay off a short-term debt to its creditors. On many balance sheets, the accounts payable entry appears under the heading current liabilities. Another common usage of AP refers to a business department or division that is responsible for making payments owed by the company to suppliers and other creditors."
14,basicdilutedeps,Basic & Diluted Earnings per Share,"Accounts payable (AP) is an accounting entry that represents an entity's obligation to pay off a short-term debt to its creditors. On many balance sheets, the accounts payable entry appears under the heading current liabilities. Another common usage of AP refers to a business department or division that is responsible for making payments owed by the company to suppliers and other creditors."
15,basiceps,Basic Earnings per Share,"Accounts payable (AP) is an accounting entry that represents an entity's obligation to pay off a short-term debt to its creditors. On many balance sheets, the accounts payable entry appears under the heading current liabilities. Another common usage of AP refers to a business department or division that is responsible for making payments owed by the company to suppliers and other creditors."
16,capitalizedleaseobligationinterestexpense,Capitalized Lease Obligations Interest Expense,"Accounts payable (AP) is an accounting entry that represents an entity's obligation to pay off a short-term debt to its creditors. On many balance sheets, the accounts payable entry appears under the heading current liabilities. Another common usage of AP refers to a business department or division that is responsible for making payments owed by the company to suppliers and other creditors."
17,capitalleaseobligations,Capital Lease Obligations,"Accounts payable (AP) is an accounting entry that represents an entity's obligation to pay off a short-term debt to its creditors. On many balance sheets, the accounts payable entry appears under the heading current liabilities. Another common usage of AP refers to a business department or division that is responsible for making payments owed by the company to suppliers and other creditors."
18,cashandequivalents,Cash & Equivalents,"Accounts payable (AP) is an accounting entry that represents an entity's obligation to pay off a short-term debt to its creditors. On many balance sheets, the accounts payable entry appears under the heading current liabilities. Another common usage of AP refers to a business department or division that is responsible for making payments owed by the company to suppliers and other creditors."
19,cashdividendspershare,Cash Dividends to Common per Share,"Accounts payable (AP) is an accounting entry that represents an entity's obligation to pay off a short-term debt to its creditors. On many balance sheets, the accounts payable entry appears under the heading current liabilities. Another common usage of AP refers to a business department or division that is responsible for making payments owed by the company to suppliers and other creditors."
20,cashincometaxespaid,Cash Income Taxes Paid,"Accounts payable (AP) is an accounting entry that represents an entity's obligation to pay off a short-term debt to its creditors. On many balance sheets, the accounts payable entry appears under the heading current liabilities. Another common usage of AP refers to a business department or division that is responsible for making payments owed by the company to suppliers and other creditors."
21,cashinterestpaid,Cash Interest Paid,"Accounts payable (AP) is an accounting entry that represents an entity's obligation to pay off a short-term debt to its creditors. On many balance sheets, the accounts payable entry appears under the heading current liabilities. Another common usage of AP refers to a business department or division that is responsible for making payments owed by the company to suppliers and other creditors."
22,cashinterestreceived,Cash Interest Received,"Accounts payable (AP) is an accounting entry that represents an entity's obligation to pay off a short-term debt to its creditors. On many balance sheets, the accounts payable entry appears under the heading current liabilities. Another common usage of AP refers to a business department or division that is responsible for making payments owed by the company to suppliers and other creditors."
23,claimsandclaimexpenses,Claims and Claim Expense,"Accounts payable (AP) is an accounting entry that represents an entity's obligation to pay off a short-term debt to its creditors. On many balance sheets, the accounts payable entry appears under the heading current liabilities. Another common usage of AP refers to a business department or division that is responsible for making payments owed by the company to suppliers and other creditors."
24,commitmentsandcontingencies,Commitments & Contingencies,"Accounts payable (AP) is an accounting entry that represents an entity's obligation to pay off a short-term debt to its creditors. On many balance sheets, the accounts payable entry appears under the heading current liabilities. Another common usage of AP refers to a business department or division that is responsible for making payments owed by the company to suppliers and other creditors."
25,commonequity,Common Stock,"Accounts payable (AP) is an accounting entry that represents an entity's obligation to pay off a short-term debt to its creditors. On many balance sheets, the accounts payable entry appears under the heading current liabilities. Another common usage of AP refers to a business department or division that is responsible for making payments owed by the company to suppliers and other creditors."
26,currentandfuturebenefits,Current and Future Benefits,"Accounts payable (AP) is an accounting entry that represents an entity's obligation to pay off a short-term debt to its creditors. On many balance sheets, the accounts payable entry appears under the heading current liabilities. Another common usage of AP refers to a business department or division that is responsible for making payments owed by the company to suppliers and other creditors."
27,currentdeferredrevenue,Current Deferred Revenue,"Accounts payable (AP) is an accounting entry that represents an entity's obligation to pay off a short-term debt to its creditors. On many balance sheets, the accounts payable entry appears under the heading current liabilities. Another common usage of AP refers to a business department or division that is responsible for making payments owed by the company to suppliers and other creditors."
28,currentdeferredtaxassets,Current Deferred & Refundable Income Taxes,"Accounts payable (AP) is an accounting entry that represents an entity's obligation to pay off a short-term debt to its creditors. On many balance sheets, the accounts payable entry appears under the heading current liabilities. Another common usage of AP refers to a business department or division that is responsible for making payments owed by the company to suppliers and other creditors."
29,currentdeferredtaxliabilities,Current Deferred & Payable Income Tax Liabilities,"Accounts payable (AP) is an accounting entry that represents an entity's obligation to pay off a short-term debt to its creditors. On many balance sheets, the accounts payable entry appears under the heading current liabilities. Another common usage of AP refers to a business department or division that is responsible for making payments owed by the company to suppliers and other creditors."
30,currentemployeebenefitliabilities,Current Employee Benefit Liabilities,"Accounts payable (AP) is an accounting entry that represents an entity's obligation to pay off a short-term debt to its creditors. On many balance sheets, the accounts payable entry appears under the heading current liabilities. Another common usage of AP refers to a business department or division that is responsible for making payments owed by the company to suppliers and other creditors."
31,customerandotherreceivables,Customer and Other Receivables,"Accounts payable (AP) is an accounting entry that represents an entity's obligation to pay off a short-term debt to its creditors. On many balance sheets, the accounts payable entry appears under the heading current liabilities. Another common usage of AP refers to a business department or division that is responsible for making payments owed by the company to suppliers and other creditors."
32,customerdeposits,Customer Deposits,"Accounts payable (AP) is an accounting entry that represents an entity's obligation to pay off a short-term debt to its creditors. On many balance sheets, the accounts payable entry appears under the heading current liabilities. Another common usage of AP refers to a business department or division that is responsible for making payments owed by the company to suppliers and other creditors."
33,deferredacquisitioncost,Deferred Acquisition Cost,"Accounts payable (AP) is an accounting entry that represents an entity's obligation to pay off a short-term debt to its creditors. On many balance sheets, the accounts payable entry appears under the heading current liabilities. Another common usage of AP refers to a business department or division that is responsible for making payments owed by the company to suppliers and other creditors."
34,depletionexpense,Depletion Expense,"Accounts payable (AP) is an accounting entry that represents an entity's obligation to pay off a short-term debt to its creditors. On many balance sheets, the accounts payable entry appears under the heading current liabilities. Another common usage of AP refers to a business department or division that is responsible for making payments owed by the company to suppliers and other creditors."
35,depositsinterestexpense,Deposits Interest Expense,"Accounts payable (AP) is an accounting entry that represents an entity's obligation to pay off a short-term debt to its creditors. On many balance sheets, the accounts payable entry appears under the heading current liabilities. Another common usage of AP refers to a business department or division that is responsible for making payments owed by the company to suppliers and other creditors."
36,depositsinterestincome,Deposits and Money Market Investments Interest Income,"Accounts payable (AP) is an accounting entry that represents an entity's obligation to pay off a short-term debt to its creditors. On many balance sheets, the accounts payable entry appears under the heading current liabilities. Another common usage of AP refers to a business department or division that is responsible for making payments owed by the company to suppliers and other creditors."
37,depreciationexpense,Depreciation Expense,"Accounts payable (AP) is an accounting entry that represents an entity's obligation to pay off a short-term debt to its creditors. On many balance sheets, the accounts payable entry appears under the heading current liabilities. Another common usage of AP refers to a business department or division that is responsible for making payments owed by the company to suppliers and other creditors."
38,dilutedeps,Diluted Earnings per Share,"Accounts payable (AP) is an accounting entry that represents an entity's obligation to pay off a short-term debt to its creditors. On many balance sheets, the accounts payable entry appears under the heading current liabilities. Another common usage of AP refers to a business department or division that is responsible for making payments owed by the company to suppliers and other creditors."
39,divestitures,Divestitures,"Accounts payable (AP) is an accounting entry that represents an entity's obligation to pay off a short-term debt to its creditors. On many balance sheets, the accounts payable entry appears under the heading current liabilities. Another common usage of AP refers to a business department or division that is responsible for making payments owed by the company to suppliers and other creditors."
40,dividendspayable,Dividends Payable,"Accounts payable (AP) is an accounting entry that represents an entity's obligation to pay off a short-term debt to its creditors. On many balance sheets, the accounts payable entry appears under the heading current liabilities. Another common usage of AP refers to a business department or division that is responsible for making payments owed by the company to suppliers and other creditors."
41,effectofexchangeratechanges,Effect of Exchange Rate Changes,"Accounts payable (AP) is an accounting entry that represents an entity's obligation to pay off a short-term debt to its creditors. On many balance sheets, the accounts payable entry appears under the heading current liabilities. Another common usage of AP refers to a business department or division that is responsible for making payments owed by the company to suppliers and other creditors."
42,employeebenefitassets,Employee Benefit Assets,"Accounts payable (AP) is an accounting entry that represents an entity's obligation to pay off a short-term debt to its creditors. On many balance sheets, the accounts payable entry appears under the heading current liabilities. Another common usage of AP refers to a business department or division that is responsible for making payments owed by the company to suppliers and other creditors."
43,explorationexpense,Exploration Expense,"Accounts payable (AP) is an accounting entry that represents an entity's obligation to pay off a short-term debt to its creditors. On many balance sheets, the accounts payable entry appears under the heading current liabilities. Another common usage of AP refers to a business department or division that is responsible for making payments owed by the company to suppliers and other creditors."
44,extraordinaryincome,"Extraordinary Income / (Loss), net","Accounts payable (AP) is an accounting entry that represents an entity's obligation to pay off a short-term debt to its creditors. On many balance sheets, the accounts payable entry appears under the heading current liabilities. Another common usage of AP refers to a business department or division that is responsible for making payments owed by the company to suppliers and other creditors."
45,fedfundsandrepointerestexpense,Federal Funds Purchased and Securities Sold Interest Expense,"Accounts payable (AP) is an accounting entry that represents an entity's obligation to pay off a short-term debt to its creditors. On many balance sheets, the accounts payable entry appears under the heading current liabilities. Another common usage of AP refers to a business department or division that is responsible for making payments owed by the company to suppliers and other creditors."
46,fedfundsandrepointerestincome,Federal Funds Sold and Securities Borrowed Interest Income,"Accounts payable (AP) is an accounting entry that represents an entity's obligation to pay off a short-term debt to its creditors. On many balance sheets, the accounts payable entry appears under the heading current liabilities. Another common usage of AP refers to a business department or division that is responsible for making payments owed by the company to suppliers and other creditors."
47,fedfundspurchased,Federal Funds Purchased and Securities Sold,"Accounts payable (AP) is an accounting entry that represents an entity's obligation to pay off a short-term debt to its creditors. On many balance sheets, the accounts payable entry appears under the heading current liabilities. Another common usage of AP refers to a business department or division that is responsible for making payments owed by the company to suppliers and other creditors."
48,fedfundssold,Federal Funds Sold,"Accounts payable (AP) is an accounting entry that represents an entity's obligation to pay off a short-term debt to its creditors. On many balance sheets, the accounts payable entry appears under the heading current liabilities. Another common usage of AP refers to a business department or division that is responsible for making payments owed by the company to suppliers and other creditors."
49,futurepolicybenefits,Future Policy Benefits,"Accounts payable (AP) is an accounting entry that represents an entity's obligation to pay off a short-term debt to its creditors. On many balance sheets, the accounts payable entry appears under the heading current liabilities. Another common usage of AP refers to a business department or division that is responsible for making payments owed by the company to suppliers and other creditors."
50,goodwill,Goodwill,"Accounts payable (AP) is an accounting entry that represents an entity's obligation to pay off a short-term debt to its creditors. On many balance sheets, the accounts payable entry appears under the heading current liabilities. Another common usage of AP refers to a business department or division that is responsible for making payments owed by the company to suppliers and other creditors."
51,grossppe,"Plant, Property & Equipment, gross","Accounts payable (AP) is an accounting entry that represents an entity's obligation to pay off a short-term debt to its creditors. On many balance sheets, the accounts payable entry appears under the heading current liabilities. Another common usage of AP refers to a business department or division that is responsible for making payments owed by the company to suppliers and other creditors."
52,impairmentexpense,Impairment Charge,"Accounts payable (AP) is an accounting entry that represents an entity's obligation to pay off a short-term debt to its creditors. On many balance sheets, the accounts payable entry appears under the heading current liabilities. Another common usage of AP refers to a business department or division that is responsible for making payments owed by the company to suppliers and other creditors."
53,incometaxexpense,Income Tax Expense,"Accounts payable (AP) is an accounting entry that represents an entity's obligation to pay off a short-term debt to its creditors. On many balance sheets, the accounts payable entry appears under the heading current liabilities. Another common usage of AP refers to a business department or division that is responsible for making payments owed by the company to suppliers and other creditors."
54,increasedecreaseinoperatingcapital,"Changes in Operating Assets and Liabilities, net","Accounts payable (AP) is an accounting entry that represents an entity's obligation to pay off a short-term debt to its creditors. On many balance sheets, the accounts payable entry appears under the heading current liabilities. Another common usage of AP refers to a business department or division that is responsible for making payments owed by the company to suppliers and other creditors."
55,intangibleassets,Intangible Assets,"Accounts payable (AP) is an accounting entry that represents an entity's obligation to pay off a short-term debt to its creditors. On many balance sheets, the accounts payable entry appears under the heading current liabilities. Another common usage of AP refers to a business department or division that is responsible for making payments owed by the company to suppliers and other creditors."
56,interestbearingdeposits,Interest Bearing Deposits,"Accounts payable (AP) is an accounting entry that represents an entity's obligation to pay off a short-term debt to its creditors. On many balance sheets, the accounts payable entry appears under the heading current liabilities. Another common usage of AP refers to a business department or division that is responsible for making payments owed by the company to suppliers and other creditors."
57,interestbearingdepositsatotherbanks,Interest Bearing Deposits at Other Banks,"Accounts payable (AP) is an accounting entry that represents an entity's obligation to pay off a short-term debt to its creditors. On many balance sheets, the accounts payable entry appears under the heading current liabilities. Another common usage of AP refers to a business department or division that is responsible for making payments owed by the company to suppliers and other creditors."
58,investmentbankingincome,Investment Banking Income,"Accounts payable (AP) is an accounting entry that represents an entity's obligation to pay off a short-term debt to its creditors. On many balance sheets, the accounts payable entry appears under the heading current liabilities. Another common usage of AP refers to a business department or division that is responsible for making payments owed by the company to suppliers and other creditors."
59,investmentsecuritiesinterestincome,Investment Securities Interest Income,"Accounts payable (AP) is an accounting entry that represents an entity's obligation to pay off a short-term debt to its creditors. On many balance sheets, the accounts payable entry appears under the heading current liabilities. Another common usage of AP refers to a business department or division that is responsible for making payments owed by the company to suppliers and other creditors."
60,issuanceofcommonequity,Issuance of Common Equity,"Accounts payable (AP) is an accounting entry that represents an entity's obligation to pay off a short-term debt to its creditors. On many balance sheets, the accounts payable entry appears under the heading current liabilities. Another common usage of AP refers to a business department or division that is responsible for making payments owed by the company to suppliers and other creditors."
61,issuanceofdebt,Issuance of Debt,"Accounts payable (AP) is an accounting entry that represents an entity's obligation to pay off a short-term debt to its creditors. On many balance sheets, the accounts payable entry appears under the heading current liabilities. Another common usage of AP refers to a business department or division that is responsible for making payments owed by the company to suppliers and other creditors."
62,issuanceofpreferredequity,Issuance of Preferred Equity,"Accounts payable (AP) is an accounting entry that represents an entity's obligation to pay off a short-term debt to its creditors. On many balance sheets, the accounts payable entry appears under the heading current liabilities. Another common usage of AP refers to a business department or division that is responsible for making payments owed by the company to suppliers and other creditors."
63,loansandleaseinterestincome,Loans and Leases Interest Income,"Accounts payable (AP) is an accounting entry that represents an entity's obligation to pay off a short-term debt to its creditors. On many balance sheets, the accounts payable entry appears under the heading current liabilities. Another common usage of AP refers to a business department or division that is responsible for making payments owed by the company to suppliers and other creditors."
64,loansandleases,Loans and Leases,"Accounts payable (AP) is an accounting entry that represents an entity's obligation to pay off a short-term debt to its creditors. On many balance sheets, the accounts payable entry appears under the heading current liabilities. Another common usage of AP refers to a business department or division that is responsible for making payments owed by the company to suppliers and other creditors."
65,loansheldforsale,Loans Held for Sale,"Accounts payable (AP) is an accounting entry that represents an entity's obligation to pay off a short-term debt to its creditors. On many balance sheets, the accounts payable entry appears under the heading current liabilities. Another common usage of AP refers to a business department or division that is responsible for making payments owed by the company to suppliers and other creditors."
66,loansheldforsalenet,"Loans Held for Sale, Net","Accounts payable (AP) is an accounting entry that represents an entity's obligation to pay off a short-term debt to its creditors. On many balance sheets, the accounts payable entry appears under the heading current liabilities. Another common usage of AP refers to a business department or division that is responsible for making payments owed by the company to suppliers and other creditors."
67,longtermdebt,Long-Term Debt,"Accounts payable (AP) is an accounting entry that represents an entity's obligation to pay off a short-term debt to its creditors. On many balance sheets, the accounts payable entry appears under the heading current liabilities. Another common usage of AP refers to a business department or division that is responsible for making payments owed by the company to suppliers and other creditors."
68,longtermdebtinterestexpense,Long-Term Debt Interest Expense,"Accounts payable (AP) is an accounting entry that represents an entity's obligation to pay off a short-term debt to its creditors. On many balance sheets, the accounts payable entry appears under the heading current liabilities. Another common usage of AP refers to a business department or division that is responsible for making payments owed by the company to suppliers and other creditors."
69,longterminvestments,Long-Term Investments,"Accounts payable (AP) is an accounting entry that represents an entity's obligation to pay off a short-term debt to its creditors. On many balance sheets, the accounts payable entry appears under the heading current liabilities. Another common usage of AP refers to a business department or division that is responsible for making payments owed by the company to suppliers and other creditors."
70,marketingexpense,Marketing Expense,"Accounts payable (AP) is an accounting entry that represents an entity's obligation to pay off a short-term debt to its creditors. On many balance sheets, the accounts payable entry appears under the heading current liabilities. Another common usage of AP refers to a business department or division that is responsible for making payments owed by the company to suppliers and other creditors."
71,mortgageservicingrights,Mortgage Servicing Rights,"Accounts payable (AP) is an accounting entry that represents an entity's obligation to pay off a short-term debt to its creditors. On many balance sheets, the accounts payable entry appears under the heading current liabilities. Another common usage of AP refers to a business department or division that is responsible for making payments owed by the company to suppliers and other creditors."
72,netcashfromcontinuingfinancingactivities,Net Cash From Continuing Financing Activities,"Accounts payable (AP) is an accounting entry that represents an entity's obligation to pay off a short-term debt to its creditors. On many balance sheets, the accounts payable entry appears under the heading current liabilities. Another common usage of AP refers to a business department or division that is responsible for making payments owed by the company to suppliers and other creditors."
73,netcashfromcontinuinginvestingactivities,Net Cash From Continuing Investing Activities,"Accounts payable (AP) is an accounting entry that represents an entity's obligation to pay off a short-term debt to its creditors. On many balance sheets, the accounts payable entry appears under the heading current liabilities. Another common usage of AP refers to a business department or division that is responsible for making payments owed by the company to suppliers and other creditors."
74,netcashfromcontinuingoperatingactivities,Net Cash From Continuing Operating Activities,"Accounts payable (AP) is an accounting entry that represents an entity's obligation to pay off a short-term debt to its creditors. On many balance sheets, the accounts payable entry appears under the heading current liabilities. Another common usage of AP refers to a business department or division that is responsible for making payments owed by the company to suppliers and other creditors."
75,netcashfromdiscontinuedfinancingactivities,Net Cash From Discontinued Financing Activities,"Accounts payable (AP) is an accounting entry that represents an entity's obligation to pay off a short-term debt to its creditors. On many balance sheets, the accounts payable entry appears under the heading current liabilities. Another common usage of AP refers to a business department or division that is responsible for making payments owed by the company to suppliers and other creditors."
76,netcashfromdiscontinuedinvestingactivities,Net Cash From Discontinued Investing Activities,"Accounts payable (AP) is an accounting entry that represents an entity's obligation to pay off a short-term debt to its creditors. On many balance sheets, the accounts payable entry appears under the heading current liabilities. Another common usage of AP refers to a business department or division that is responsible for making payments owed by the company to suppliers and other creditors."
77,netcashfromdiscontinuedoperatingactivities,Net Cash From Discontinued Operating Activities,"Accounts payable (AP) is an accounting entry that represents an entity's obligation to pay off a short-term debt to its creditors. On many balance sheets, the accounts payable entry appears under the heading current liabilities. Another common usage of AP refers to a business department or division that is responsible for making payments owed by the company to suppliers and other creditors."
78,netcashfromfinancingactivities,Net Cash From Financing Activities,"Accounts payable (AP) is an accounting entry that represents an entity's obligation to pay off a short-term debt to its creditors. On many balance sheets, the accounts payable entry appears under the heading current liabilities. Another common usage of AP refers to a business department or division that is responsible for making payments owed by the company to suppliers and other creditors."
79,netcashfrominvestingactivities,Net Cash From Investing Activities,"Accounts payable (AP) is an accounting entry that represents an entity's obligation to pay off a short-term debt to its creditors. On many balance sheets, the accounts payable entry appears under the heading current liabilities. Another common usage of AP refers to a business department or division that is responsible for making payments owed by the company to suppliers and other creditors."
80,netcashfromoperatingactivities,Net Cash From Operating Activities,"Accounts payable (AP) is an accounting entry that represents an entity's obligation to pay off a short-term debt to its creditors. On many balance sheets, the accounts payable entry appears under the heading current liabilities. Another common usage of AP refers to a business department or division that is responsible for making payments owed by the company to suppliers and other creditors."
81,netchangeincash,Net Change in Cash & Equivalents,"Accounts payable (AP) is an accounting entry that represents an entity's obligation to pay off a short-term debt to its creditors. On many balance sheets, the accounts payable entry appears under the heading current liabilities. Another common usage of AP refers to a business department or division that is responsible for making payments owed by the company to suppliers and other creditors."
82,netchangeindeposits,Net Change in Deposits,"Accounts payable (AP) is an accounting entry that represents an entity's obligation to pay off a short-term debt to its creditors. On many balance sheets, the accounts payable entry appears under the heading current liabilities. Another common usage of AP refers to a business department or division that is responsible for making payments owed by the company to suppliers and other creditors."
83,netincome,Consolidated Net Income / (Loss),"Accounts payable (AP) is an accounting entry that represents an entity's obligation to pay off a short-term debt to its creditors. On many balance sheets, the accounts payable entry appears under the heading current liabilities. Another common usage of AP refers to a business department or division that is responsible for making payments owed by the company to suppliers and other creditors."
84,netincomecontinuing,Net Income / (Loss) Continuing Operations,"Accounts payable (AP) is an accounting entry that represents an entity's obligation to pay off a short-term debt to its creditors. On many balance sheets, the accounts payable entry appears under the heading current liabilities. Another common usage of AP refers to a business department or division that is responsible for making payments owed by the company to suppliers and other creditors."
85,netincomediscontinued,Net Income / (Loss) Discontinued Operations,"Accounts payable (AP) is an accounting entry that represents an entity's obligation to pay off a short-term debt to its creditors. On many balance sheets, the accounts payable entry appears under the heading current liabilities. Another common usage of AP refers to a business department or division that is responsible for making payments owed by the company to suppliers and other creditors."
86,netincometocommon,Net Income / (Loss) Attributable to Common Shareholders,"Accounts payable (AP) is an accounting entry that represents an entity's obligation to pay off a short-term debt to its creditors. On many balance sheets, the accounts payable entry appears under the heading current liabilities. Another common usage of AP refers to a business department or division that is responsible for making payments owed by the company to suppliers and other creditors."
87,netincometononcontrollinginterest,Net Income / (Loss) Attributable to Noncontrolling Interest,"Accounts payable (AP) is an accounting entry that represents an entity's obligation to pay off a short-term debt to its creditors. On many balance sheets, the accounts payable entry appears under the heading current liabilities. Another common usage of AP refers to a business department or division that is responsible for making payments owed by the company to suppliers and other creditors."
88,netincreaseinfedfundssold,Net Increase in Fed Funds Sold,"Accounts payable (AP) is an accounting entry that represents an entity's obligation to pay off a short-term debt to its creditors. On many balance sheets, the accounts payable entry appears under the heading current liabilities. Another common usage of AP refers to a business department or division that is responsible for making payments owed by the company to suppliers and other creditors."
89,netinterestincome,Net Interest Income / (Expense),"Accounts payable (AP) is an accounting entry that represents an entity's obligation to pay off a short-term debt to its creditors. On many balance sheets, the accounts payable entry appears under the heading current liabilities. Another common usage of AP refers to a business department or division that is responsible for making payments owed by the company to suppliers and other creditors."
90,netinventory,"Inventories, net","Accounts payable (AP) is an accounting entry that represents an entity's obligation to pay off a short-term debt to its creditors. On many balance sheets, the accounts payable entry appears under the heading current liabilities. Another common usage of AP refers to a business department or division that is responsible for making payments owed by the company to suppliers and other creditors."
91,netloansandleases,"Loans and Leases, Net of Allowance","Accounts payable (AP) is an accounting entry that represents an entity's obligation to pay off a short-term debt to its creditors. On many balance sheets, the accounts payable entry appears under the heading current liabilities. Another common usage of AP refers to a business department or division that is responsible for making payments owed by the company to suppliers and other creditors."
92,netoccupancyequipmentexpense,Net Occupancy & Equipment Expense,"Accounts payable (AP) is an accounting entry that represents an entity's obligation to pay off a short-term debt to its creditors. On many balance sheets, the accounts payable entry appears under the heading current liabilities. Another common usage of AP refers to a business department or division that is responsible for making payments owed by the company to suppliers and other creditors."
93,netppe,"Plant, Property, & Equipment, net","Accounts payable (AP) is an accounting entry that represents an entity's obligation to pay off a short-term debt to its creditors. On many balance sheets, the accounts payable entry appears under the heading current liabilities. Another common usage of AP refers to a business department or division that is responsible for making payments owed by the company to suppliers and other creditors."
94,netpremisesandequipment,"Premises and Equipment, Net","Accounts payable (AP) is an accounting entry that represents an entity's obligation to pay off a short-term debt to its creditors. On many balance sheets, the accounts payable entry appears under the heading current liabilities. Another common usage of AP refers to a business department or division that is responsible for making payments owed by the company to suppliers and other creditors."
95,netrealizedcapitalgains,Net Realized & Unrealized Capital Gains on Investments,"Accounts payable (AP) is an accounting entry that represents an entity's obligation to pay off a short-term debt to its creditors. On many balance sheets, the accounts payable entry appears under the heading current liabilities. Another common usage of AP refers to a business department or division that is responsible for making payments owed by the company to suppliers and other creditors."
96,noncashadjustmentstonetincome,Non-Cash Adjustments to Reconcile Net Income,"Accounts payable (AP) is an accounting entry that represents an entity's obligation to pay off a short-term debt to its creditors. On many balance sheets, the accounts payable entry appears under the heading current liabilities. Another common usage of AP refers to a business department or division that is responsible for making payments owed by the company to suppliers and other creditors."
97,noncontrollinginterests,Noncontrolling Interest,"Accounts payable (AP) is an accounting entry that represents an entity's obligation to pay off a short-term debt to its creditors. On many balance sheets, the accounts payable entry appears under the heading current liabilities. Another common usage of AP refers to a business department or division that is responsible for making payments owed by the company to suppliers and other creditors."
98,noncurrentdeferredrevenue,Noncurrent Deferred Revenue,"Accounts payable (AP) is an accounting entry that represents an entity's obligation to pay off a short-term debt to its creditors. On many balance sheets, the accounts payable entry appears under the heading current liabilities. Another common usage of AP refers to a business department or division that is responsible for making payments owed by the company to suppliers and other creditors."
99,noncurrentdeferredtaxassets,Noncurrent Deferred & Refundable Income Taxes,"Accounts payable (AP) is an accounting entry that represents an entity's obligation to pay off a short-term debt to its creditors. On many balance sheets, the accounts payable entry appears under the heading current liabilities. Another common usage of AP refers to a business department or division that is responsible for making payments owed by the company to suppliers and other creditors."
100,noncurrentdeferredtaxliabilities,Noncurrent Deferred & Payable Income Tax Liabilities,"Accounts payable (AP) is an accounting entry that represents an entity's obligation to pay off a short-term debt to its creditors. On many balance sheets, the accounts payable entry appears under the heading current liabilities. Another common usage of AP refers to a business department or division that is responsible for making payments owed by the company to suppliers and other creditors."
101,noncurrentemployeebenefitliabilities,Noncurrent Employee Benefit Liabilities,"Accounts payable (AP) is an accounting entry that represents an entity's obligation to pay off a short-term debt to its creditors. On many balance sheets, the accounts payable entry appears under the heading current liabilities. Another common usage of AP refers to a business department or division that is responsible for making payments owed by the company to suppliers and other creditors."
102,noncurrentnotereceivables,Noncurrent Note & Lease Receivables,"Accounts payable (AP) is an accounting entry that represents an entity's obligation to pay off a short-term debt to its creditors. On many balance sheets, the accounts payable entry appears under the heading current liabilities. Another common usage of AP refers to a business department or division that is responsible for making payments owed by the company to suppliers and other creditors."
103,noninterestbearingdeposits,Non-Interest Bearing Deposits,"Accounts payable (AP) is an accounting entry that represents an entity's obligation to pay off a short-term debt to its creditors. On many balance sheets, the accounts payable entry appears under the heading current liabilities. Another common usage of AP refers to a business department or division that is responsible for making payments owed by the company to suppliers and other creditors."
104,nonoperatingincome,"Nonoperating Income / (Expense), net","Accounts payable (AP) is an accounting entry that represents an entity's obligation to pay off a short-term debt to its creditors. On many balance sheets, the accounts payable entry appears under the heading current liabilities. Another common usage of AP refers to a business department or division that is responsible for making payments owed by the company to suppliers and other creditors."
105,notereceivable,Note & Lease Receivable,"Accounts payable (AP) is an accounting entry that represents an entity's obligation to pay off a short-term debt to its creditors. On many balance sheets, the accounts payable entry appears under the heading current liabilities. Another common usage of AP refers to a business department or division that is responsible for making payments owed by the company to suppliers and other creditors."
106,operatingcostofrevenue,Operating Cost of Revenue,"Accounts payable (AP) is an accounting entry that represents an entity's obligation to pay off a short-term debt to its creditors. On many balance sheets, the accounts payable entry appears under the heading current liabilities. Another common usage of AP refers to a business department or division that is responsible for making payments owed by the company to suppliers and other creditors."
107,operatingrevenue,Operating Revenue,"Accounts payable (AP) is an accounting entry that represents an entity's obligation to pay off a short-term debt to its creditors. On many balance sheets, the accounts payable entry appears under the heading current liabilities. Another common usage of AP refers to a business department or division that is responsible for making payments owed by the company to suppliers and other creditors."
108,otheradjustmentstoconsolidatednetincome,Other Adjustments to Consolidated Net Income / (Loss),"Accounts payable (AP) is an accounting entry that represents an entity's obligation to pay off a short-term debt to its creditors. On many balance sheets, the accounts payable entry appears under the heading current liabilities. Another common usage of AP refers to a business department or division that is responsible for making payments owed by the company to suppliers and other creditors."
109,otheradjustmentstonetincometocommon,Other Adjustments to Net Income / (Loss) Attributable to Common Shareholders),"Accounts payable (AP) is an accounting entry that represents an entity's obligation to pay off a short-term debt to its creditors. On many balance sheets, the accounts payable entry appears under the heading current liabilities. Another common usage of AP refers to a business department or division that is responsible for making payments owed by the company to suppliers and other creditors."
110,otherassets,Other Assets,"Accounts payable (AP) is an accounting entry that represents an entity's obligation to pay off a short-term debt to its creditors. On many balance sheets, the accounts payable entry appears under the heading current liabilities. Another common usage of AP refers to a business department or division that is responsible for making payments owed by the company to suppliers and other creditors."
111,othercostofrevenue,Other Cost of Revenue,"Accounts payable (AP) is an accounting entry that represents an entity's obligation to pay off a short-term debt to its creditors. On many balance sheets, the accounts payable entry appears under the heading current liabilities. Another common usage of AP refers to a business department or division that is responsible for making payments owed by the company to suppliers and other creditors."
112,othercurrentassets,Other Current Assets,"Accounts payable (AP) is an accounting entry that represents an entity's obligation to pay off a short-term debt to its creditors. On many balance sheets, the accounts payable entry appears under the heading current liabilities. Another common usage of AP refers to a business department or division that is responsible for making payments owed by the company to suppliers and other creditors."
113,othercurrentliabilities,Other Current Liabilities,"Accounts payable (AP) is an accounting entry that represents an entity's obligation to pay off a short-term debt to its creditors. On many balance sheets, the accounts payable entry appears under the heading current liabilities. Another common usage of AP refers to a business department or division that is responsible for making payments owed by the company to suppliers and other creditors."
114,othercurrentnonoperatingassets,Other Current Nonoperating Assets,"Accounts payable (AP) is an accounting entry that represents an entity's obligation to pay off a short-term debt to its creditors. On many balance sheets, the accounts payable entry appears under the heading current liabilities. Another common usage of AP refers to a business department or division that is responsible for making payments owed by the company to suppliers and other creditors."
115,othercurrentnonoperatingliabilities,Other Current Nonoperating Liabilities,"Accounts payable (AP) is an accounting entry that represents an entity's obligation to pay off a short-term debt to its creditors. On many balance sheets, the accounts payable entry appears under the heading current liabilities. Another common usage of AP refers to a business department or division that is responsible for making payments owed by the company to suppliers and other creditors."
116,otherequity,Other Equity Adjustments,"Accounts payable (AP) is an accounting entry that represents an entity's obligation to pay off a short-term debt to its creditors. On many balance sheets, the accounts payable entry appears under the heading current liabilities. Another common usage of AP refers to a business department or division that is responsible for making payments owed by the company to suppliers and other creditors."
117,otherfinancingactivitiesnet,"Other Financing Activities, Net","Accounts payable (AP) is an accounting entry that represents an entity's obligation to pay off a short-term debt to its creditors. On many balance sheets, the accounts payable entry appears under the heading current liabilities. Another common usage of AP refers to a business department or division that is responsible for making payments owed by the company to suppliers and other creditors."
118,othergains,"Other Gains / (Losses), net","Accounts payable (AP) is an accounting entry that represents an entity's obligation to pay off a short-term debt to its creditors. On many balance sheets, the accounts payable entry appears under the heading current liabilities. Another common usage of AP refers to a business department or division that is responsible for making payments owed by the company to suppliers and other creditors."
119,otherincome,"Other Income / (Expense), net","Accounts payable (AP) is an accounting entry that represents an entity's obligation to pay off a short-term debt to its creditors. On many balance sheets, the accounts payable entry appears under the heading current liabilities. Another common usage of AP refers to a business department or division that is responsible for making payments owed by the company to suppliers and other creditors."
120,otherinterestexpense,Other Interest Expense,"Accounts payable (AP) is an accounting entry that represents an entity's obligation to pay off a short-term debt to its creditors. On many balance sheets, the accounts payable entry appears under the heading current liabilities. Another common usage of AP refers to a business department or division that is responsible for making payments owed by the company to suppliers and other creditors."
121,otherinterestincome,Other Interest Income,"Accounts payable (AP) is an accounting entry that represents an entity's obligation to pay off a short-term debt to its creditors. On many balance sheets, the accounts payable entry appears under the heading current liabilities. Another common usage of AP refers to a business department or division that is responsible for making payments owed by the company to suppliers and other creditors."
122,otherinvestingactivitiesnet,"Other Investing Activities, net","Accounts payable (AP) is an accounting entry that represents an entity's obligation to pay off a short-term debt to its creditors. On many balance sheets, the accounts payable entry appears under the heading current liabilities. Another common usage of AP refers to a business department or division that is responsible for making payments owed by the company to suppliers and other creditors."
123,otherlongtermliabilities,Other Long-Term Liabilities,"Accounts payable (AP) is an accounting entry that represents an entity's obligation to pay off a short-term debt to its creditors. On many balance sheets, the accounts payable entry appears under the heading current liabilities. Another common usage of AP refers to a business department or division that is responsible for making payments owed by the company to suppliers and other creditors."
124,othernetchangesincash,Other Net Changes in Cash,"Accounts payable (AP) is an accounting entry that represents an entity's obligation to pay off a short-term debt to its creditors. On many balance sheets, the accounts payable entry appears under the heading current liabilities. Another common usage of AP refers to a business department or division that is responsible for making payments owed by the company to suppliers and other creditors."
125,othernoncurrentassets,Other Noncurrent Operating Assets,"Accounts payable (AP) is an accounting entry that represents an entity's obligation to pay off a short-term debt to its creditors. On many balance sheets, the accounts payable entry appears under the heading current liabilities. Another common usage of AP refers to a business department or division that is responsible for making payments owed by the company to suppliers and other creditors."
126,othernoncurrentliabilities,Other Noncurrent Operating Liabilities,"Accounts payable (AP) is an accounting entry that represents an entity's obligation to pay off a short-term debt to its creditors. On many balance sheets, the accounts payable entry appears under the heading current liabilities. Another common usage of AP refers to a business department or division that is responsible for making payments owed by the company to suppliers and other creditors."
127,othernoncurrentnonoperatingassets,Other Noncurrent Nonoperating Assets,"Accounts payable (AP) is an accounting entry that represents an entity's obligation to pay off a short-term debt to its creditors. On many balance sheets, the accounts payable entry appears under the heading current liabilities. Another common usage of AP refers to a business department or division that is responsible for making payments owed by the company to suppliers and other creditors."
128,othernoncurrentnonoperatingliabilities,Other Noncurrent Nonoperating Liabilities,"Accounts payable (AP) is an accounting entry that represents an entity's obligation to pay off a short-term debt to its creditors. On many balance sheets, the accounts payable entry appears under the heading current liabilities. Another common usage of AP refers to a business department or division that is responsible for making payments owed by the company to suppliers and other creditors."
129,othernoninterestincome,Other Non-Interest Income,"Accounts payable (AP) is an accounting entry that represents an entity's obligation to pay off a short-term debt to its creditors. On many balance sheets, the accounts payable entry appears under the heading current liabilities. Another common usage of AP refers to a business department or division that is responsible for making payments owed by the company to suppliers and other creditors."
130,otheroperatingexpenses,Other Operating Expenses,"Accounts payable (AP) is an accounting entry that represents an entity's obligation to pay off a short-term debt to its creditors. On many balance sheets, the accounts payable entry appears under the heading current liabilities. Another common usage of AP refers to a business department or division that is responsible for making payments owed by the company to suppliers and other creditors."
131,otherrevenue,Other Revenue,"Accounts payable (AP) is an accounting entry that represents an entity's obligation to pay off a short-term debt to its creditors. On many balance sheets, the accounts payable entry appears under the heading current liabilities. Another common usage of AP refers to a business department or division that is responsible for making payments owed by the company to suppliers and other creditors."
132,otherservicechargeincome,Other Service Charges,"Accounts payable (AP) is an accounting entry that represents an entity's obligation to pay off a short-term debt to its creditors. On many balance sheets, the accounts payable entry appears under the heading current liabilities. Another common usage of AP refers to a business department or division that is responsible for making payments owed by the company to suppliers and other creditors."
133,othershorttermpayables,Other Short-Term Payables,"Accounts payable (AP) is an accounting entry that represents an entity's obligation to pay off a short-term debt to its creditors. On many balance sheets, the accounts payable entry appears under the heading current liabilities. Another common usage of AP refers to a business department or division that is responsible for making payments owed by the company to suppliers and other creditors."
134,otherspecialcharges,Other Special Charges,"Accounts payable (AP) is an accounting entry that represents an entity's obligation to pay off a short-term debt to its creditors. On many balance sheets, the accounts payable entry appears under the heading current liabilities. Another common usage of AP refers to a business department or division that is responsible for making payments owed by the company to suppliers and other creditors."
135,othertaxespayable,Other Taxes Payable,"Accounts payable (AP) is an accounting entry that represents an entity's obligation to pay off a short-term debt to its creditors. On many balance sheets, the accounts payable entry appears under the heading current liabilities. Another common usage of AP refers to a business department or division that is responsible for making payments owed by the company to suppliers and other creditors."
136,participatingpolicyholderequity,Participating Policy Holder Equity,"Accounts payable (AP) is an accounting entry that represents an entity's obligation to pay off a short-term debt to its creditors. On many balance sheets, the accounts payable entry appears under the heading current liabilities. Another common usage of AP refers to a business department or division that is responsible for making payments owed by the company to suppliers and other creditors."
137,paymentofdividends,Payment of Dividends,"Accounts payable (AP) is an accounting entry that represents an entity's obligation to pay off a short-term debt to its creditors. On many balance sheets, the accounts payable entry appears under the heading current liabilities. Another common usage of AP refers to a business department or division that is responsible for making payments owed by the company to suppliers and other creditors."
138,policyacquisitioncosts,Insurance Policy Acquisition Costs,"Accounts payable (AP) is an accounting entry that represents an entity's obligation to pay off a short-term debt to its creditors. On many balance sheets, the accounts payable entry appears under the heading current liabilities. Another common usage of AP refers to a business department or division that is responsible for making payments owed by the company to suppliers and other creditors."
139,policyholderfunds,Policy Holder Funds,"Accounts payable (AP) is an accounting entry that represents an entity's obligation to pay off a short-term debt to its creditors. On many balance sheets, the accounts payable entry appears under the heading current liabilities. Another common usage of AP refers to a business department or division that is responsible for making payments owed by the company to suppliers and other creditors."
140,preferreddividends,Preferred Stock Dividends Declared,"Accounts payable (AP) is an accounting entry that represents an entity's obligation to pay off a short-term debt to its creditors. On many balance sheets, the accounts payable entry appears under the heading current liabilities. Another common usage of AP refers to a business department or division that is responsible for making payments owed by the company to suppliers and other creditors."
141,premiumsearned,Premiums Earned,"Accounts payable (AP) is an accounting entry that represents an entity's obligation to pay off a short-term debt to its creditors. On many balance sheets, the accounts payable entry appears under the heading current liabilities. Another common usage of AP refers to a business department or division that is responsible for making payments owed by the company to suppliers and other creditors."
142,prepaidexpenses,Prepaid Expenses,"Accounts payable (AP) is an accounting entry that represents an entity's obligation to pay off a short-term debt to its creditors. On many balance sheets, the accounts payable entry appears under the heading current liabilities. Another common usage of AP refers to a business department or division that is responsible for making payments owed by the company to suppliers and other creditors."
143,propertyliabilityinsuranceclaims,Property & Liability Insurance Claims,"Accounts payable (AP) is an accounting entry that represents an entity's obligation to pay off a short-term debt to its creditors. On many balance sheets, the accounts payable entry appears under the heading current liabilities. Another common usage of AP refers to a business department or division that is responsible for making payments owed by the company to suppliers and other creditors."
144,provisionforcreditlosses,Provision for Credit Losses,"Accounts payable (AP) is an accounting entry that represents an entity's obligation to pay off a short-term debt to its creditors. On many balance sheets, the accounts payable entry appears under the heading current liabilities. Another common usage of AP refers to a business department or division that is responsible for making payments owed by the company to suppliers and other creditors."
145,provisionforloanlosses,Provision For Loan Losses,"Accounts payable (AP) is an accounting entry that represents an entity's obligation to pay off a short-term debt to its creditors. On many balance sheets, the accounts payable entry appears under the heading current liabilities. Another common usage of AP refers to a business department or division that is responsible for making payments owed by the company to suppliers and other creditors."
146,purchaseofinvestments,Purchase of Investments,"Accounts payable (AP) is an accounting entry that represents an entity's obligation to pay off a short-term debt to its creditors. On many balance sheets, the accounts payable entry appears under the heading current liabilities. Another common usage of AP refers to a business department or division that is responsible for making payments owed by the company to suppliers and other creditors."
147,purchaseofplantpropertyandequipment,"Purchase of Property, Plant & Equipment","Accounts payable (AP) is an accounting entry that represents an entity's obligation to pay off a short-term debt to its creditors. On many balance sheets, the accounts payable entry appears under the heading current liabilities. Another common usage of AP refers to a business department or division that is responsible for making payments owed by the company to suppliers and other creditors."
148,rdexpense,Research & Development Expense,"Accounts payable (AP) is an accounting entry that represents an entity's obligation to pay off a short-term debt to its creditors. On many balance sheets, the accounts payable entry appears under the heading current liabilities. Another common usage of AP refers to a business department or division that is responsible for making payments owed by the company to suppliers and other creditors."
149,redeemablenoncontrollinginterest,Redeemable Noncontrolling Interest,"Accounts payable (AP) is an accounting entry that represents an entity's obligation to pay off a short-term debt to its creditors. On many balance sheets, the accounts payable entry appears under the heading current liabilities. Another common usage of AP refers to a business department or division that is responsible for making payments owed by the company to suppliers and other creditors."
150,repaymentofdebt,Repayment of Debt,"Accounts payable (AP) is an accounting entry that represents an entity's obligation to pay off a short-term debt to its creditors. On many balance sheets, the accounts payable entry appears under the heading current liabilities. Another common usage of AP refers to a business department or division that is responsible for making payments owed by the company to suppliers and other creditors."
151,repurchaseofcommonequity,Repurchase of Common Equity,"Accounts payable (AP) is an accounting entry that represents an entity's obligation to pay off a short-term debt to its creditors. On many balance sheets, the accounts payable entry appears under the heading current liabilities. Another common usage of AP refers to a business department or division that is responsible for making payments owed by the company to suppliers and other creditors."
152,repurchaseofpreferredequity,Repurchase of Preferred Equity,"Accounts payable (AP) is an accounting entry that represents an entity's obligation to pay off a short-term debt to its creditors. On many balance sheets, the accounts payable entry appears under the heading current liabilities. Another common usage of AP refers to a business department or division that is responsible for making payments owed by the company to suppliers and other creditors."
153,restrictedcash,Restricted Cash,"Accounts payable (AP) is an accounting entry that represents an entity's obligation to pay off a short-term debt to its creditors. On many balance sheets, the accounts payable entry appears under the heading current liabilities. Another common usage of AP refers to a business department or division that is responsible for making payments owed by the company to suppliers and other creditors."
154,restructuringcharge,Restructuring Charge,"Accounts payable (AP) is an accounting entry that represents an entity's obligation to pay off a short-term debt to its creditors. On many balance sheets, the accounts payable entry appears under the heading current liabilities. Another common usage of AP refers to a business department or division that is responsible for making payments owed by the company to suppliers and other creditors."
155,retainedearnings,Retained Earnings,"Accounts payable (AP) is an accounting entry that represents an entity's obligation to pay off a short-term debt to its creditors. On many balance sheets, the accounts payable entry appears under the heading current liabilities. Another common usage of AP refers to a business department or division that is responsible for making payments owed by the company to suppliers and other creditors."
156,salariesandemployeebenefitsexpense,Salaries and Employee Benefits,"Accounts payable (AP) is an accounting entry that represents an entity's obligation to pay off a short-term debt to its creditors. On many balance sheets, the accounts payable entry appears under the heading current liabilities. Another common usage of AP refers to a business department or division that is responsible for making payments owed by the company to suppliers and other creditors."
157,saleofinvestments,Sale and/or Maturity of Investments,"Accounts payable (AP) is an accounting entry that represents an entity's obligation to pay off a short-term debt to its creditors. On many balance sheets, the accounts payable entry appears under the heading current liabilities. Another common usage of AP refers to a business department or division that is responsible for making payments owed by the company to suppliers and other creditors."
158,saleofplantpropertyandequipment,"Sale of Property, Plant & Equipment","Accounts payable (AP) is an accounting entry that represents an entity's obligation to pay off a short-term debt to its creditors. On many balance sheets, the accounts payable entry appears under the heading current liabilities. Another common usage of AP refers to a business department or division that is responsible for making payments owed by the company to suppliers and other creditors."
159,separateaccountbusinessassets,Separate Account Business Assets,"Accounts payable (AP) is an accounting entry that represents an entity's obligation to pay off a short-term debt to its creditors. On many balance sheets, the accounts payable entry appears under the heading current liabilities. Another common usage of AP refers to a business department or division that is responsible for making payments owed by the company to suppliers and other creditors."
160,separateaccountbusinessliabilities,Separate Account Business Liabilities,"Accounts payable (AP) is an accounting entry that represents an entity's obligation to pay off a short-term debt to its creditors. On many balance sheets, the accounts payable entry appears under the heading current liabilities. Another common usage of AP refers to a business department or division that is responsible for making payments owed by the company to suppliers and other creditors."
161,servicechargesondepositsincome,Service Charges on Deposit Accounts,"Accounts payable (AP) is an accounting entry that represents an entity's obligation to pay off a short-term debt to its creditors. On many balance sheets, the accounts payable entry appears under the heading current liabilities. Another common usage of AP refers to a business department or division that is responsible for making payments owed by the company to suppliers and other creditors."
162,sgaexpense,"Selling, General & Admin Expense","Accounts payable (AP) is an accounting entry that represents an entity's obligation to pay off a short-term debt to its creditors. On many balance sheets, the accounts payable entry appears under the heading current liabilities. Another common usage of AP refers to a business department or division that is responsible for making payments owed by the company to suppliers and other creditors."
163,shorttermborrowinginterestexpense,Short-Term Borrowings Interest Expense,"Accounts payable (AP) is an accounting entry that represents an entity's obligation to pay off a short-term debt to its creditors. On many balance sheets, the accounts payable entry appears under the heading current liabilities. Another common usage of AP refers to a business department or division that is responsible for making payments owed by the company to suppliers and other creditors."
164,shorttermdebt,Short-Term Debt,"Accounts payable (AP) is an accounting entry that represents an entity's obligation to pay off a short-term debt to its creditors. On many balance sheets, the accounts payable entry appears under the heading current liabilities. Another common usage of AP refers to a business department or division that is responsible for making payments owed by the company to suppliers and other creditors."
165,shortterminvestments,Short-Term Investments,"Accounts payable (AP) is an accounting entry that represents an entity's obligation to pay off a short-term debt to its creditors. On many balance sheets, the accounts payable entry appears under the heading current liabilities. Another common usage of AP refers to a business department or division that is responsible for making payments owed by the company to suppliers and other creditors."
166,timedepositsplaced,Time Deposits Placed and Other Short-Term Investments,"Accounts payable (AP) is an accounting entry that represents an entity's obligation to pay off a short-term debt to its creditors. On many balance sheets, the accounts payable entry appears under the heading current liabilities. Another common usage of AP refers to a business department or division that is responsible for making payments owed by the company to suppliers and other creditors."
167,totalassets,Total Assets,"Accounts payable (AP) is an accounting entry that represents an entity's obligation to pay off a short-term debt to its creditors. On many balance sheets, the accounts payable entry appears under the heading current liabilities. Another common usage of AP refers to a business department or division that is responsible for making payments owed by the company to suppliers and other creditors."
168,totalcommonequity,Total Common Equity,"Accounts payable (AP) is an accounting entry that represents an entity's obligation to pay off a short-term debt to its creditors. On many balance sheets, the accounts payable entry appears under the heading current liabilities. Another common usage of AP refers to a business department or division that is responsible for making payments owed by the company to suppliers and other creditors."
169,totalcostofrevenue,Total Cost of Revenue,"Accounts payable (AP) is an accounting entry that represents an entity's obligation to pay off a short-term debt to its creditors. On many balance sheets, the accounts payable entry appears under the heading current liabilities. Another common usage of AP refers to a business department or division that is responsible for making payments owed by the company to suppliers and other creditors."
170,totalcurrentassets,Total Current Assets,"Accounts payable (AP) is an accounting entry that represents an entity's obligation to pay off a short-term debt to its creditors. On many balance sheets, the accounts payable entry appears under the heading current liabilities. Another common usage of AP refers to a business department or division that is responsible for making payments owed by the company to suppliers and other creditors."
171,totalcurrentliabilities,Total Current Liabilities,"Accounts payable (AP) is an accounting entry that represents an entity's obligation to pay off a short-term debt to its creditors. On many balance sheets, the accounts payable entry appears under the heading current liabilities. Another common usage of AP refers to a business department or division that is responsible for making payments owed by the company to suppliers and other creditors."
172,totalequity,Total Preferred & Common Equity,"Accounts payable (AP) is an accounting entry that represents an entity's obligation to pay off a short-term debt to its creditors. On many balance sheets, the accounts payable entry appears under the heading current liabilities. Another common usage of AP refers to a business department or division that is responsible for making payments owed by the company to suppliers and other creditors."
173,totalequityandnoncontrollinginterests,Total Equity & Noncontrolling Interests,"Accounts payable (AP) is an accounting entry that represents an entity's obligation to pay off a short-term debt to its creditors. On many balance sheets, the accounts payable entry appears under the heading current liabilities. Another common usage of AP refers to a business department or division that is responsible for making payments owed by the company to suppliers and other creditors."
174,totalgrossprofit,Total Gross Profit,"Accounts payable (AP) is an accounting entry that represents an entity's obligation to pay off a short-term debt to its creditors. On many balance sheets, the accounts payable entry appears under the heading current liabilities. Another common usage of AP refers to a business department or division that is responsible for making payments owed by the company to suppliers and other creditors."
175,totalinterestexpense,Total Interest Expense,"Accounts payable (AP) is an accounting entry that represents an entity's obligation to pay off a short-term debt to its creditors. On many balance sheets, the accounts payable entry appears under the heading current liabilities. Another common usage of AP refers to a business department or division that is responsible for making payments owed by the company to suppliers and other creditors."
176,totalinterestincome,Total Interest Income,"Accounts payable (AP) is an accounting entry that represents an entity's obligation to pay off a short-term debt to its creditors. On many balance sheets, the accounts payable entry appears under the heading current liabilities. Another common usage of AP refers to a business department or division that is responsible for making payments owed by the company to suppliers and other creditors."
177,totalliabilities,Total Liabilities,"Accounts payable (AP) is an accounting entry that represents an entity's obligation to pay off a short-term debt to its creditors. On many balance sheets, the accounts payable entry appears under the heading current liabilities. Another common usage of AP refers to a business department or division that is responsible for making payments owed by the company to suppliers and other creditors."
178,totalliabilitiesandequity,Total Liabilities & Shareholders’ Equity,"Accounts payable (AP) is an accounting entry that represents an entity's obligation to pay off a short-term debt to its creditors. On many balance sheets, the accounts payable entry appears under the heading current liabilities. Another common usage of AP refers to a business department or division that is responsible for making payments owed by the company to suppliers and other creditors."
179,totalnoninterestexpense,Total Non-Interest Expense,"Accounts payable (AP) is an accounting entry that represents an entity's obligation to pay off a short-term debt to its creditors. On many balance sheets, the accounts payable entry appears under the heading current liabilities. Another common usage of AP refers to a business department or division that is responsible for making payments owed by the company to suppliers and other creditors."
180,totalnoninterestincome,Total Non-Interest Income,"Accounts payable (AP) is an accounting entry that represents an entity's obligation to pay off a short-term debt to its creditors. On many balance sheets, the accounts payable entry appears under the heading current liabilities. Another common usage of AP refers to a business department or division that is responsible for making payments owed by the company to suppliers and other creditors."
181,totaloperatingexpenses,Total Operating Expenses,"Accounts payable (AP) is an accounting entry that represents an entity's obligation to pay off a short-term debt to its creditors. On many balance sheets, the accounts payable entry appears under the heading current liabilities. Another common usage of AP refers to a business department or division that is responsible for making payments owed by the company to suppliers and other creditors."
182,totaloperatingincome,Total Operating Income,"Accounts payable (AP) is an accounting entry that represents an entity's obligation to pay off a short-term debt to its creditors. On many balance sheets, the accounts payable entry appears under the heading current liabilities. Another common usage of AP refers to a business department or division that is responsible for making payments owed by the company to suppliers and other creditors."
183,totalotherincome,"Total Other Income / (Expense), net","Accounts payable (AP) is an accounting entry that represents an entity's obligation to pay off a short-term debt to its creditors. On many balance sheets, the accounts payable entry appears under the heading current liabilities. Another common usage of AP refers to a business department or division that is responsible for making payments owed by the company to suppliers and other creditors."
184,totalpretaxincome,Total Pre-Tax Income,"Accounts payable (AP) is an accounting entry that represents an entity's obligation to pay off a short-term debt to its creditors. On many balance sheets, the accounts payable entry appears under the heading current liabilities. Another common usage of AP refers to a business department or division that is responsible for making payments owed by the company to suppliers and other creditors."
185,totalrevenue,Total Revenue,"Accounts payable (AP) is an accounting entry that represents an entity's obligation to pay off a short-term debt to its creditors. On many balance sheets, the accounts payable entry appears under the heading current liabilities. Another common usage of AP refers to a business department or division that is responsible for making payments owed by the company to suppliers and other creditors."
186,tradingaccountinterestincome,Trading Account Interest Income,"Accounts payable (AP) is an accounting entry that represents an entity's obligation to pay off a short-term debt to its creditors. On many balance sheets, the accounts payable entry appears under the heading current liabilities. Another common usage of AP refers to a business department or division that is responsible for making payments owed by the company to suppliers and other creditors."
187,trustfeeincome,Trust Fees by Commissions,"Accounts payable (AP) is an accounting entry that represents an entity's obligation to pay off a short-term debt to its creditors. On many balance sheets, the accounts payable entry appears under the heading current liabilities. Another common usage of AP refers to a business department or division that is responsible for making payments owed by the company to suppliers and other creditors."
188,weightedavebasicdilutedsharesos,Weighted Average Basic & Diluted Shares Outstanding,"Accounts payable (AP) is an accounting entry that represents an entity's obligation to pay off a short-term debt to its creditors. On many balance sheets, the accounts payable entry appears under the heading current liabilities. Another common usage of AP refers to a business department or division that is responsible for making payments owed by the company to suppliers and other creditors."
189,weightedavebasicsharesos,Weighted Average Basic Shares Outstanding,"Accounts payable (AP) is an accounting entry that represents an entity's obligation to pay off a short-term debt to its creditors. On many balance sheets, the accounts payable entry appears under the heading current liabilities. Another common usage of AP refers to a business department or division that is responsible for making payments owed by the company to suppliers and other creditors."
